B2,B3,B4,B5,B6,B7,B8,B8A,lat,lon
929,1058,1010,960,1197,1295,1568,1254,16.5,80.6
1394,1334,1156,1144,1218,1296,1556,1222,16.5,80.6
692,854,906,1053,1083,1035,1432,1302,16.5,80.6
1290,1338,1264,1246,1548,1670,1936,1561,16.5,80.6
877,1168,1180,1108,1153,1245,1814,1489,16.5,80.6
2800,2884,2640,2674,2937,3099,3420,3026,16.5,80.6
1050,1164,1216,1238,1316,1458,1862,1476,16.5,80.6
1064,1440,1478,1682,1947,2154,2464,2173,16.5,80.6
1010,1214,1320,1341,1466,1618,2120,1575,16.5,80.6
1004,1328,1344,1283,1445,1651,2152,1599,16.5,80.6
1202,1454,1464,1456,1693,1873,2388,1910,16.5,80.6
1224,1714,1596,1380,1504,1761,2474,1754,16.5,80.6
1224,1490,1542,1381,1656,1893,2484,1928,16.5,80.6
1346,1498,1592,1337,1465,1726,2426,1677,16.5,80.6
1206,1392,1548,1436,1535,1816,2542,2027,16.5,80.6
1080,1438,1448,1623,1678,1767,2176,1791,16.5,80.6
899,1036,999,989,1300,1313,1772,1377,16.5,80.6
1076,1210,1142,1182,1520,1676,2110,1667,16.5,80.6
684,903,890,920,1012,1041,1592,1210,16.5,80.6
904,1050,946,1106,1045,1161,1478,1279,16.5,80.6
756,876,903,937,979,1183,1564,1259,16.5,80.6
850,922,912,855,1156,1159,1544,1178,16.5,80.6
910,974,942,924,1054,1140,1448,1072,16.5,80.6
919,1160,1124,1259,1326,1428,1866,1553,16.5,80.6
988,1090,1052,1008,1194,1304,1776,1276,16.5,80.6
849,1060,1074,983,1084,1262,1706,1355,16.5,80.6
1758,2028,2136,2224,2471,2666,2336,2757,16.5,80.6
949,1096,1162,1123,1317,1375,1920,1390,16.5,80.6
919,1308,1324,1356,1566,1720,2088,1888,16.5,80.6
979,1316,1444,1205,1565,1841,2410,1978,16.5,80.6
1112,1412,1454,1314,1430,1621,2454,1814,16.5,80.6
1146,1454,1586,1475,1690,1908,2498,2054,16.5,80.6
1252,1402,1390,1302,1776,1918,2566,1930,16.5,80.6
1168,1542,1498,1423,1836,2173,2654,2136,16.5,80.6
1272,1544,1646,1435,1932,2285,2808,2349,16.5,80.6
906,1138,1058,1175,1532,1807,2564,1948,16.5,80.6
805,1120,982,972,1472,1816,2060,1670,16.5,80.6
838,1238,1084,1113,1597,1697,2102,1785,16.5,80.6
3248,3356,3632,4218,4548,4658,3252,4654,16.5,80.6
874,1068,1074,1147,1564,1575,2164,1651,16.5,80.6
846,969,905,1017,1394,1576,1928,1527,16.5,80.6
891,1012,930,1038,1500,1596,1998,1716,16.5,80.6
726,804,764,931,1233,1319,1548,1391,16.5,80.6
1000,1002,916,1018,1344,1314,1870,1399,16.5,80.6
929,1148,1220,1635,2295,2560,2754,2777,17.2,78.4
807,1036,1032,1384,2290,2540,2780,2786,17.2,78.4
993,1268,1280,1730,2365,2585,2802,2795,17.2,78.4
858,1112,1058,1469,2338,2603,2774,2829,17.2,78.4
959,1210,1482,1767,2423,2569,2968,2793,17.2,78.4
836,1058,1276,1660,2434,2705,2995,2906,17.2,78.4
1126,1374,1642,1856,2423,2627,2972,2846,17.2,78.4
985,1260,1430,1741,2419,2655,2930,2846,17.2,78.4
949,1180,1484,2026,2513,2847,3280,3108,17.2,78.4
756,965,1168,1613,2549,2880,3272,3126,17.2,78.4
1062,1412,1632,1936,2460,2640,3050,3042,17.2,78.4
864,1194,1330,1742,2465,2757,2976,3053,17.2,78.4
1288,1548,1798,2110,2544,2711,3212,2979,17.2,78.4
1114,1354,1526,1852,2567,2859,3228,3183,17.2,78.4
1114,1422,1752,2034,2450,2687,2928,3003,17.2,78.4
828,1236,1548,2007,2621,2900,3144,3224,17.2,78.4
1228,1562,1718,2051,2408,2611,3152,3044,17.2,78.4
930,1320,1347,1903,2619,2936,3208,3228,17.2,78.4
1002,1474,1772,2111,2663,2942,3360,3225,17.2,78.4
860,1192,1441,1824,2610,2888,3213,3220,17.2,78.4
1088,1474,2098,2102,2811,3097,3427,3221,17.2,78.4
980,1338,1826,2098,2755,3072,3348,3287,17.2,78.4
1164,1422,1916,2168,2592,2841,3123,3183,17.2,78.4
936,1190,1552,1842,2639,2981,3196,3273,17.2,78.4
1312,1638,1948,2281,2682,2945,3364,3182,17.2,78.4
1150,1458,1770,1964,2694,2984,3372,3296,17.2,78.4
1172,1500,2038,2266,2654,2959,3192,3320,17.2,78.4
939,1334,1784,1988,2735,3140,3276,3455,17.2,78.4
1246,1418,1750,1891,2384,2657,2828,2944,17.2,78.4
1146,1342,1598,1869,2457,2747,2886,2984,17.2,78.4
1130,1472,1760,1978,2395,2585,2922,2938,17.2,78.4
957,1232,1596,1901,2492,2778,2981,3146,17.2,78.4
1088,1472,1838,2060,2439,2605,3016,2922,17.2,78.4
957,1252,1570,1895,2523,2826,3001,3128,17.2,78.4
1156,1576,1972,2329,2639,2874,3112,3167,17.2,78.4
929,1384,1620,2052,2672,2935,3104,3201,17.2,78.4
1252,1550,2178,2247,2711,2963,3289,3369,17.2,78.4
958,1318,1808,2099,2756,3088,3256,3465,17.2,78.4
894,1454,1720,2082,2477,2762,3040,3114,17.2,78.4
710,1188,1507,2029,2656,2939,3104,3264,17.2,78.4
1220,1640,1924,2086,2594,3018,3132,3371,17.2,78.4
1026,1406,1595,1906,2675,2970,3228,3263,17.2,78.4
1210,1530,2014,2062,2587,2832,3112,3357,17.2,78.4
1023,1288,1730,1965,2574,2896,3120,3304,17.2,78.4
1380,1698,1982,2132,2615,2936,3260,3223,17.2,78.4
1210,1550,1786,2029,2635,2922,3184,3249,17.2,78.4
1396,1792,2192,2219,2606,2883,3188,3268,17.2,78.4
1210,1544,2012,2246,2680,2909,3112,3206,17.2,78.4
1312,1630,2002,2145,2590,2784,2888,3038,17.2,78.4
1238,1556,1846,2164,2632,2859,2886,3113,17.2,78.4
588,1018,864,1420,2978,3423,3596,3676,17.2,78.4
468,874,683,1320,2973,3445,3600,3770,17.2,78.4
642,976,881,1535,2714,3021,3204,3298,17.2,78.4
568,874,767,1428,2754,3029,3184,3260,17.2,78.4
759,1052,992,1633,2846,3208,3323,3505,17.2,78.4
651,936,870,1461,2950,3254,3416,3465,17.2,78.4
903,1140,1126,1678,2860,3187,3212,3354,17.2,78.4
789,1046,990,1469,2882,3176,3252,3468,17.2,78.4
794,1092,1092,1713,2729,3021,3124,3344,17.2,78.4
720,1007,984,1648,2793,3155,3152,3394,17.2,78.4
1000,1238,1360,1742,2553,2756,3019,3073,17.2,78.4
936,1184,1310,1560,2221,2452,2618,2689,17.2,78.4
860,1086,1184,1376,2212,2455,2618,2698,17.2,78.4
938,1220,1396,1664,2121,2365,2610,2619,17.2,78.4
862,1148,1272,1582,2168,2422,2664,2708,17.2,78.4
1144,1390,1530,1798,2197,2461,2554,2678,17.2,78.4
1076,1320,1446,1700,2198,2437,2526,2679,17.2,78.4
1112,1414,1628,1724,2170,2332,2711,2643,17.2,78.4
1062,1386,1564,1689,2152,2399,2754,2687,17.2,78.4
1022,1340,1720,1818,2193,2484,2612,2755,17.2,78.4
933,1242,1548,1788,2205,2419,2588,2740,17.2,78.4
1148,1426,1724,1901,2203,2408,2664,2702,17.2,78.4
1060,1324,1578,1767,2185,2441,2687,2721,17.2,78.4
926,1204,1452,1726,2002,2265,2422,2476,17.2,78.4
871,1140,1354,1563,2038,2197,2384,2448,17.2,78.4
1238,1484,1756,2037,2345,2623,2764,2805,17.2,78.4
1186,1414,1716,1900,2334,2582,2818,2819,17.2,78.4
1218,1448,1770,1995,2286,2629,2786,2920,17.2,78.4
1082,1354,1644,1964,2341,2614,2798,2944,17.2,78.4
1398,1686,1888,2188,2581,2835,2880,3073,17.2,78.4
1326,1620,1786,2106,2526,2740,2852,2991,17.2,78.4
1196,1458,1798,2011,2268,2453,2786,2715,17.2,78.4
1094,1382,1676,1900,2214,2510,2746,2687,17.2,78.4
1250,1542,1874,2097,2412,2657,2742,2884,17.2,78.4
1238,1472,1788,1971,2329,2532,2750,2794,17.2,78.4
1232,1566,1970,2047,2429,2648,2743,2994,17.2,78.4
1242,1568,1956,2115,2421,2686,2797,2951,17.2,78.4
1360,1678,2148,2323,2597,2906,3054,3148,17.2,78.4
1266,1578,2030,2155,2580,2815,3008,3114,17.2,78.4
1158,1466,1932,2265,2457,2808,2912,3144,17.2,78.4
1094,1388,1822,2137,2502,2776,2898,3133,17.2,78.4
1324,1632,2038,2295,2525,2678,2942,2979,17.2,78.4
1202,1488,1998,2411,2655,2936,2956,3138,17.2,78.4
1128,1410,1910,2215,2633,2863,2942,3256,17.2,78.4
590,768,874,1007,1224,1295,1444,1356,17.2,78.4
541,736,843,1196,1578,1701,1560,1837,17.2,78.4
1284,1542,1860,2021,2538,2857,2900,3040,17.2,78.4
1160,1428,1730,2035,2620,2912,2980,3176,17.2,78.4
1464,1702,2084,2290,2666,2859,3008,3158,17.2,78.4
1326,1566,1986,2221,2671,2889,3051,3225,17.2,78.4
1466,1766,2040,2403,2639,2834,3152,3132,17.2,78.4
1284,1624,1906,2187,2721,3027,3168,3237,17.2,78.4
1392,1612,1932,2234,2688,2953,3046,3256,17.2,78.4
1152,1498,1848,2137,2455,2778,2934,3117,17.2,78.4
1062,1360,1700,2014,2436,2691,2966,2957,17.2,78.4
916,1260,1522,2019,2582,2641,2535,2935,17.2,78.4
836,1192,1412,2044,2621,2873,2634,3093,17.2,78.4
991,1098,1080,1287,2033,2302,2338,2587,17.2,78.4
930,1044,982,1249,2125,2479,2376,2665,17.2,78.4
1000,1338,1588,2068,2853,3117,3312,3553,17.2,78.4
844,1222,1426,1954,2979,3431,3432,3742,17.2,78.4
1262,1572,1850,2181,2786,3174,3156,3466,17.2,78.4
1134,1440,1670,2191,2857,3167,3204,3453,17.2,78.4
1340,1594,1902,2247,2757,2933,3140,3263,17.2,78.4
1198,1508,1790,2264,2853,3072,3090,3380,17.2,78.4
2220,2258,2256,2661,3233,3475,3628,3634,17.2,78.4
1322,1710,2044,2463,2765,3010,3042,3271,17.2,78.4
1166,1542,1854,2310,2825,3050,3050,3344,17.2,78.4
1418,1694,2082,2386,2876,3099,3120,3271,17.2,78.4
1306,1606,1965,2394,2884,3197,3144,3425,17.2,78.4
1152,1360,1498,1640,2953,3345,3280,3767,17.2,78.4
1014,1248,1238,1543,3195,3606,3464,3852,17.2,78.4
1168,1478,1604,1891,2926,3243,3279,3663,17.2,78.4
1076,1360,1448,1800,3113,3437,3410,3753,17.2,78.4
1462,1616,1790,2067,2979,3469,3328,3995,17.2,78.4
1378,1520,1550,1887,3020,3513,3468,3952,17.2,78.4
1064,1470,1710,2096,2845,3166,3244,3447,17.2,78.4
886,1328,1486,1911,2941,3275,3308,3574,17.2,78.4
1019,1384,1676,1913,2576,2785,3046,3078,17.2,78.4
928,1320,1540,1842,2659,2981,3140,3291,17.2,78.4
920,1194,1474,1712,2141,2218,2386,2497,17.2,78.4
812,1094,1308,1575,2002,2250,2388,2413,17.2,78.4
1214,1544,1852,2004,2491,2713,2922,2856,17.2,78.4
1072,1372,1586,1700,2341,2530,2876,2775,17.2,78.4
1130,1412,1532,1790,1929,2034,1796,2067,13.0,77.5
4740,3984,3824,4133,4084,4323,4387,4289,13.0,77.5
1180,1410,1510,2008,2084,2080,1952,2225,13.0,77.5
1112,1238,1614,1762,2001,2014,1880,2061,13.0,77.5
3996,3908,3816,3835,3913,4012,4071,3818,13.0,77.5
1298,1306,1678,1999,2138,2266,1870,2134,13.0,77.5
1646,1740,1926,2136,2300,2403,2236,2320,13.0,77.5
1318,1628,1756,2199,2249,2387,2118,2283,13.0,77.5
1480,1622,2042,2331,2295,2260,2310,2358,13.0,77.5
1388,1552,1885,2293,2128,2389,2121,2460,13.0,77.5
1252,1566,1830,2246,2343,2429,2183,2351,13.0,77.5
1194,1624,1886,2291,2290,2432,2222,2488,13.0,77.5
1142,1676,1924,2171,2408,2447,2376,2441,13.0,77.5
1772,1932,2166,2413,2458,2610,2454,2665,13.0,77.5
1474,1796,2271,2453,2443,2554,2504,2763,13.0,77.5
1570,1848,2160,2366,2509,2643,2463,2707,13.0,77.5
1454,1784,2035,2385,2519,2608,2492,2584,13.0,77.5
1528,1970,2191,2518,2578,2719,2542,2679,13.0,77.5
1512,2124,2137,2410,2559,2667,2609,2704,13.0,77.5
1666,2086,2192,2637,2647,2775,2534,2855,13.0,77.5
1052,1400,1548,2033,2091,2220,1931,2234,13.0,77.5
1042,1024,1196,1787,1811,1802,1677,1884,13.0,77.5
939,1232,1274,1652,1830,1848,1823,1913,13.0,77.5
1186,1394,1526,1928,1902,1924,1832,1987,13.0,77.5
1142,1302,1228,1760,1921,1892,1893,1905,13.0,77.5
990,1196,1282,1733,1865,2097,1635,1967,13.0,77.5
1318,1278,1592,2019,2149,2148,1875,2098,13.0,77.5
960,1260,1632,1821,1993,2069,1772,2067,13.0,77.5
1092,1526,1448,1963,2065,2095,1843,2221,13.0,77.5
882,1138,1555,1905,2080,2196,2110,2111,13.0,77.5
1414,1504,1881,1972,2099,2308,2023,2189,13.0,77.5
1138,1634,1920,2162,2167,2318,2207,2410,13.0,77.5
1166,1462,1704,2048,2042,2296,2036,2287,13.0,77.5
1322,1626,1673,2063,2285,2194,2055,2314,13.0,77.5
1394,1658,1888,2222,2215,2350,2238,2552,13.0,77.5
1844,2102,2273,2356,2647,2638,2666,2713,13.0,77.5
1760,1860,2112,2389,2593,2586,2674,2709,13.0,77.5
1676,1754,1925,2363,2368,2519,2500,2630,13.0,77.5
1336,1682,1917,2309,2397,2540,2400,2676,13.0,77.5
1392,1782,1986,2172,2404,2549,2283,2562,13.0,77.5
1602,1838,2156,2451,2565,2682,2553,2723,13.0,77.5
2040,2440,2406,2654,2689,2944,2653,2898,13.0,77.5
1170,1578,1694,2087,2257,2202,2061,2414,13.0,77.5
1286,1614,1838,2343,2356,2494,2150,2583,13.0,77.5
1256,1526,1808,1983,2152,2289,2056,2374,13.0,77.5
1052,1494,1532,1832,1986,2104,1852,2151,13.0,77.5
1448,1472,1342,1559,1626,1768,1698,1743,25.3,83.0
1976,1952,1822,2010,2084,2106,2106,2084,25.3,83.0
4184,3958,3330,3342,3222,3172,4196,3113,25.3,83.0
973,1066,1180,1449,1617,1718,1814,1841,25.3,83.0
784,944,1122,1452,1642,1755,1844,1897,25.3,83.0
980,1070,1178,1457,1627,1727,1814,1854,25.3,83.0
810,974,1140,1471,1662,1772,1866,1920,25.3,83.0
998,1128,1296,1489,1683,1771,1892,1849,25.3,83.0
780,992,1250,1464,1690,1793,1954,1884,25.3,83.0
1032,1148,1310,1488,1680,1766,1900,1837,25.3,83.0
845,1048,1302,1508,1741,1852,2018,1942,25.3,83.0
869,1046,1216,1514,1636,1878,1898,1947,25.3,83.0
731,947,1126,1502,1623,1873,1854,1939,25.3,83.0
944,1092,1238,1528,1647,1876,1895,1940,25.3,83.0
843,1032,1192,1555,1676,1927,1909,1989,25.3,83.0
926,1086,1216,1526,1662,1810,1958,1894,25.3,83.0
917,1064,1196,1515,1644,1787,1904,1870,25.3,83.0
826,1016,1174,1515,1656,1819,1982,1911,25.3,83.0
974,1122,1242,1553,1691,1840,1986,1918,25.3,83.0
977,1118,1236,1525,1712,1834,1894,1906,25.3,83.0
912,1104,1258,1534,1752,1899,2008,1968,25.3,83.0
982,1118,1230,1531,1720,1847,1898,1915,25.3,83.0
940,1122,1272,1549,1769,1918,2029,1988,25.3,83.0
867,1096,1228,1530,1739,1889,1932,1951,25.3,83.0
797,1054,1200,1520,1740,1899,1946,1965,25.3,83.0
924,1154,1274,1544,1757,1918,1981,1983,25.3,83.0
872,1138,1270,1560,1789,1958,2023,2019,25.3,83.0
924,1160,1364,1599,1731,1893,1970,2007,25.3,83.0
704,1026,1308,1582,1729,1918,2008,2047,25.3,83.0
812,1088,1330,1575,1717,1900,1983,2026,25.3,83.0
701,1018,1280,1597,1750,1941,2008,2057,25.3,83.0
884,1096,1318,1610,1813,1956,2120,2042,25.3,83.0
828,1080,1330,1623,1845,1986,2200,2072,25.3,83.0
836,1060,1302,1609,1819,1964,2144,2057,25.3,83.0
850,1094,1340,1634,1858,1999,2220,2092,25.3,83.0
944,1188,1388,1674,1929,2041,2296,2229,25.3,83.0
878,1194,1432,1661,1957,2052,2452,2301,25.3,83.0
1124,1322,1472,1658,1904,1988,2304,2184,25.3,83.0
1150,1350,1498,1687,1934,2017,2324,2209,25.3,83.0
1082,1350,1566,1720,1938,2078,2246,2144,25.3,83.0
983,1326,1576,1723,1972,2151,2328,2208,25.3,83.0
1008,1316,1558,1721,1953,2105,2272,2176,25.3,83.0
1020,1354,1598,1729,1987,2170,2352,2221,25.3,83.0
962,1312,1528,1763,1891,2074,2254,2205,25.3,83.0
907,1254,1470,1740,1874,2072,2208,2188,25.3,83.0
1004,1332,1534,1768,1897,2076,2248,2204,25.3,83.0
976,1334,1552,1797,1927,2121,2296,2251,25.3,83.0
1042,1344,1618,1891,1992,2168,2314,2315,25.3,83.0
952,1300,1610,1914,2011,2198,2354,2358,25.3,83.0
1032,1338,1622,1901,2002,2180,2333,2336,25.3,83.0
987,1328,1640,1934,2029,2228,2382,2387,25.3,83.0
1116,1462,1738,1949,2118,2275,2448,2419,25.3,83.0
1100,1458,1744,1968,2138,2297,2464,2438,25.3,83.0
1114,1456,1738,1949,2116,2274,2458,2422,25.3,83.0
1114,1452,1730,1998,2145,2317,2448,2448,25.3,83.0
994,1354,1720,1902,2108,2381,2504,2326,25.3,83.0
954,1324,1710,1923,2130,2405,2532,2349,25.3,83.0
1008,1354,1722,1908,2111,2387,2511,2331,25.3,83.0
997,1356,1734,1935,2142,2418,2544,2362,25.3,83.0
1094,1444,1832,1930,2173,2246,2466,2360,25.3,83.0
1090,1452,1832,1950,2192,2264,2488,2379,25.3,83.0
1126,1462,1832,1933,2174,2248,2468,2359,25.3,83.0
1134,1478,1852,1962,2201,2273,2500,2393,25.3,83.0
972,1364,1650,1879,1980,2298,2412,2355,25.3,83.0
924,1340,1642,1896,1995,2322,2440,2376,25.3,83.0
904,1324,1642,1875,1977,2317,2449,2380,25.3,83.0
949,1364,1664,1881,1984,2356,2469,2387,25.3,83.0
1976,24936,18424,18766,16580,15205,14352,13750,25.3,83.0
782,1232,1638,1850,2017,2436,2420,2492,25.3,83.0
1208,1470,1704,1913,2063,2373,2322,2411,25.3,83.0
954,1338,1677,1880,2033,2418,2396,2474,25.3,83.0
873,1304,1683,1863,2028,2434,2442,2516,25.3,83.0
1176,1470,1732,1955,2187,2327,2530,2477,25.3,83.0
1232,1478,1702,1978,2150,2250,2436,2373,25.3,83.0
1160,1536,1816,1976,2175,2501,2622,2599,25.3,83.0
1012,1472,1810,1967,2187,2569,2700,2666,25.3,83.0
1130,1524,1818,1972,2176,2517,2646,2625,25.3,83.0
1056,1494,1828,1967,2193,2589,2717,2682,25.3,83.0
1266,1640,1898,2121,2196,2501,2696,2668,25.3,83.0
1224,1642,1916,2146,2213,2535,2752,2714,25.3,83.0
1234,1640,1918,2135,2198,2531,2752,2714,25.3,83.0
1400,1696,1896,2110,2207,2455,2614,2605,25.3,83.0
1312,1736,1914,2194,2356,2691,2658,2784,25.3,83.0
1208,1700,1914,2214,2381,2744,2722,2863,25.3,83.0
1246,1708,1910,2211,2379,2739,2708,2844,25.3,83.0
1227,1722,1926,2221,2392,2773,2752,2884,25.3,83.0
1224,1526,1702,1924,2159,2392,2410,2429,25.3,83.0
1254,1548,1718,1937,2173,2405,2428,2445,25.3,83.0
792,1296,1584,2098,2388,2574,2750,2829,25.3,83.0
858,1350,1614,2105,2388,2566,2754,2845,25.3,83.0
886,1366,1626,2119,2401,2575,2775,2863,25.3,83.0
1166,1396,1554,1866,2054,2298,2268,2381,25.3,83.0
1178,1410,1566,1881,2066,2312,2282,2402,25.3,83.0
1186,1418,1604,1897,2222,2502,2426,2475,25.3,83.0
819,1206,1384,1789,2293,2379,2512,2716,25.3,83.0
7688,7028,6576,6365,5682,5657,5912,5580,25.3,83.0
724,1000,1248,1592,1879,2110,2026,2192,25.3,83.0
1722,1582,1544,1613,1625,1726,1586,1693,25.3,83.0
997,1202,1284,1576,1749,1897,2014,2019,25.3,83.0
802,1078,1208,1558,1742,1909,2030,2049,25.3,83.0
1096,1264,1322,1593,1765,1900,2004,2010,25.3,83.0
980,1194,1284,1603,1778,1926,2035,2046,25.3,83.0
1056,1154,1262,1552,1708,1854,1980,1902,25.3,83.0
760,944,1144,1520,1687,1852,1998,1913,25.3,83.0
1024,1124,1246,1546,1703,1855,1982,1901,25.3,83.0
918,1056,1216,1556,1714,1875,2012,1929,25.3,83.0
1004,1180,1304,1427,1628,1687,1804,1854,25.3,83.0
762,1026,1230,1374,1600,1667,1804,1876,25.3,83.0
938,1132,1280,1405,1616,1679,1803,1864,25.3,83.0
1005,1186,1314,1446,1647,1709,1824,1883,25.3,83.0
1018,1196,1296,1591,1713,1920,1886,2005,25.3,83.0
1270,1368,1404,1657,1764,1932,1888,1983,25.3,83.0
964,1158,1274,1584,1704,1918,1886,2008,25.3,83.0
1076,1238,1328,1626,1746,1947,1907,2021,25.3,83.0
1760,1806,1848,2004,2070,2232,2198,2175,25.3,83.0
1292,1456,1666,1947,2031,2243,2204,2187,25.3,83.0
1758,1792,1846,1999,2070,2238,2200,2179,25.3,83.0
1396,1538,1716,1977,2003,2197,2158,2136,25.3,83.0
786,894,1034,1431,1534,1644,1616,1689,25.3,83.0
686,822,990,1425,1528,1640,1606,1687,25.3,83.0
816,913,1042,1438,1537,1645,1619,1689,25.3,83.0
969,1036,1122,1475,1577,1676,1650,1709,25.3,83.0
1084,1198,1328,1625,1819,1823,1648,1895,25.3,83.0
1036,1164,1312,1629,1825,1828,1644,1896,25.3,83.0
1142,1236,1352,1633,1821,1825,1654,1892,25.3,83.0
1026,1156,1312,1636,1837,1836,1649,1916,25.3,83.0
1032,1132,1316,1527,1618,1652,1706,1753,25.3,83.0
974,1086,1268,1521,1610,1638,1656,1736,25.3,83.0
1000,1096,1270,1523,1612,1640,1651,1732,25.3,83.0
864,1013,1270,1525,1617,1648,1707,1774,25.3,83.0
1202,1364,1638,1783,1890,1961,2030,2030,25.3,83.0
1188,1362,1614,1849,1938,1991,2024,2027,25.3,83.0
1158,1322,1614,1750,1839,1911,1997,1984,25.3,83.0
1224,1390,1634,1855,1946,1996,2039,2044,25.3,83.0
1770,1776,1816,2012,2085,2150,2104,2153,25.3,83.0
1306,1450,1642,2005,2104,2189,2104,2216,25.3,83.0
1728,1746,1804,2012,2090,2162,2116,2174,25.3,83.0
1366,1490,1664,2003,2108,2199,2118,2239,25.3,83.0
1296,1360,1448,1623,1712,1671,1700,1789,25.3,83.0
966,1120,1322,1587,1699,1641,1650,1805,25.3,83.0
1290,1346,1438,1624,1713,1670,1689,1795,25.3,83.0
1015,1152,1344,1584,1700,1638,1663,1825,25.3,83.0
1106,1128,1338,1522,1604,1667,1692,1773,25.3,83.0
842,924,1264,1500,1590,1664,1678,1797,25.3,83.0
1136,1148,1344,1526,1610,1670,1694,1773,25.3,83.0
911,970,1306,1516,1610,1683,1702,1825,25.3,83.0
1606,1638,1656,1812,1861,1911,1934,1887,25.3,83.0
1562,1606,1642,1813,1863,1916,1938,1893,25.3,83.0
1692,1666,1824,2062,2056,2168,1978,2145,25.3,83.0
2168,2098,2062,2247,2220,2259,2120,2192,25.3,83.0
2238,2154,2104,2272,2238,2275,2140,2208,25.3,83.0
1922,1976,1966,2200,2179,2183,2124,2186,25.3,83.0
1620,1818,1902,2279,2254,2277,2172,2298,25.3,83.0
1920,1972,1964,2203,2180,2183,2120,2189,25.3,83.0
2854,2624,2540,2614,2584,2594,2564,2491,25.3,83.0
1262,1424,1610,1767,1857,1960,1990,1969,25.3,83.0
1268,1422,1604,1759,1849,1953,1982,1962,25.3,83.0
1412,1534,1610,1840,1831,1863,1836,1898,25.3,83.0
1466,1570,1626,1851,1827,1852,1820,1881,25.3,83.0
1272,1454,1578,1861,1857,1903,1863,1949,25.3,83.0
747,802,870,1037,1052,1133,1052,1146,25.3,83.0
607,670,770,915,905,1001,943,1046,25.3,83.0
795,836,888,1049,1063,1148,1070,1160,25.3,83.0
1086,1198,1324,1620,1711,1821,1762,1900,25.3,83.0
949,1114,1290,1632,1728,1847,1776,1941,25.3,83.0
1086,1196,1326,1631,1725,1835,1772,1914,25.3,83.0
974,1182,1382,1553,1689,1715,1866,1800,25.3,83.0
944,1150,1368,1540,1686,1727,1750,1848,25.3,83.0
824,1088,1354,1549,1706,1748,1764,1878,25.3,83.0
948,1124,1330,1530,1677,1704,1695,1830,25.3,83.0
864,1098,1362,1577,1739,1765,1760,1907,25.3,83.0
1052,1312,1470,1563,1724,1834,1964,1908,25.3,83.0
944,1288,1518,1580,1758,1888,2050,1974,25.3,83.0
1090,1346,1518,1582,1745,1858,2007,1938,25.3,83.0
998,1324,1538,1598,1775,1909,2066,1995,25.3,83.0
1100,1318,1552,1760,1896,1969,1994,2038,25.3,83.0
1026,1272,1538,1774,1922,1996,2006,2068,25.3,83.0
1024,1260,1526,1756,1901,1978,2005,2059,25.3,83.0
1062,1296,1558,1786,1933,2010,2029,2089,25.3,83.0
977,1254,1554,1663,1816,1951,2056,1987,25.3,83.0
1074,1292,1542,1647,1793,1919,2017,1949,25.3,83.0
1088,1316,1570,1679,1830,1957,2060,1992,25.3,83.0
995,1226,1490,1717,1882,1900,1952,2050,25.3,83.0
938,1194,1484,1722,1899,1921,1968,2075,25.3,83.0
1054,1256,1496,1713,1873,1891,1944,2033,25.3,83.0
1048,1262,1518,1740,1909,1927,1979,2076,25.3,83.0
1094,1294,1584,1807,1888,1976,2046,2083,25.3,83.0
1046,1240,1526,1791,1867,1961,1994,2065,25.3,83.0
1154,1322,1590,1801,1884,1969,2037,2071,25.3,83.0
1152,1334,1610,1828,1915,2004,2073,2109,25.3,83.0
1011,1274,1508,1656,1800,1899,2024,2078,25.3,83.0
863,1208,1508,1666,1826,1935,2078,2142,25.3,83.0
932,1238,1512,1665,1812,1916,2059,2119,25.3,83.0
929,1248,1528,1684,1840,1949,2091,2155,25.3,83.0
1108,1354,1606,1769,1990,2157,2222,2318,25.3,83.0
1168,1396,1620,1792,2001,2158,2230,2326,25.3,83.0
1208,1460,1702,1807,2029,2188,2308,2213,25.3,83.0
1228,1472,1704,1815,2037,2196,2318,2228,25.3,83.0
1238,1476,1704,1812,2030,2189,2304,2214,25.3,83.0
1262,1498,1722,1828,2051,2210,2334,2243,25.3,83.0
1166,1432,1624,1809,1924,2212,2286,2185,25.3,83.0
1162,1438,1632,1820,1937,2234,2302,2201,25.3,83.0
1188,1438,1624,1805,1920,2206,2280,2177,25.3,83.0
1136,1520,1680,1869,2018,2218,2272,2286,25.3,83.0
1218,1570,1720,1873,2022,2219,2304,2294,25.3,83.0
1236,1588,1740,1894,2049,2243,2332,2324,25.3,83.0
1242,1478,1738,1935,2079,2417,2652,2533,25.3,83.0
1260,1494,1744,1945,2098,2418,2652,2550,25.3,83.0
1288,1516,1764,1958,2112,2440,2674,2563,25.3,83.0
1204,1548,1772,1878,2139,2290,2502,2375,25.3,83.0
1206,1566,1798,1898,2167,2323,2534,2404,25.3,83.0
1234,1560,1778,1882,2144,2287,2500,2372,25.3,83.0
1236,1584,1812,1910,2181,2333,2552,2420,25.3,83.0
1362,1638,1890,2005,2265,2396,2564,2506,25.3,83.0
1374,1664,1930,2039,2316,2454,2612,2547,25.3,83.0
1384,1650,1902,2015,2274,2402,2574,2516,25.3,83.0
1404,1682,1950,2054,2331,2471,2626,2559,25.3,83.0
1258,1664,1916,2024,2213,2395,2642,2559,25.3,83.0
1252,1664,1932,2027,2217,2400,2666,2571,25.3,83.0
1112,1666,2026,2109,2376,2473,2652,2588,25.3,83.0
1104,1672,2038,2109,2384,2478,2664,2600,25.3,83.0
1142,1684,2030,2115,2381,2476,2646,2591,25.3,83.0
1150,1706,2051,2120,2392,2491,2673,2616,25.3,83.0
1232,1540,1828,2146,2171,2428,2534,2559,25.3,83.0
1282,1570,1830,2141,2186,2437,2522,2557,25.3,83.0
1274,1560,1830,2147,2176,2429,2530,2552,25.3,83.0
1316,1590,1846,2146,2197,2440,2536,2571,25.3,83.0
1146,1574,1906,2075,2172,2380,2508,2488,25.3,83.0
1144,1588,1936,2101,2200,2413,2546,2523,25.3,83.0
1176,1590,1918,2086,2180,2387,2518,2487,25.3,83.0
1180,1610,1948,2113,2211,2421,2566,2547,25.3,83.0
1432,1710,1936,2211,2228,2450,2452,2572,25.3,83.0
1444,1728,1960,2234,2252,2479,2476,2604,25.3,83.0
1476,1750,1976,2258,2267,2499,2486,2611,25.3,83.0
1294,1632,1876,2102,2210,2314,2332,2549,25.3,83.0
1250,1628,1904,2120,2233,2340,2386,2616,25.3,83.0
1278,1648,1920,2135,2242,2349,2396,2621,25.3,83.0
1062,1476,1772,2080,2353,2544,2518,2742,25.3,83.0
946,1430,1776,2094,2379,2570,2548,2798,25.3,83.0
966,1426,1780,2091,2361,2552,2542,2779,25.3,83.0
994,1456,1792,2110,2401,2583,2573,2822,25.3,83.0
1762,1914,1952,2395,2514,2783,2630,2977,25.3,83.0
647,1130,1350,1918,2289,2632,2490,2865,25.3,83.0
1888,2010,2032,2473,2548,2760,2592,2883,25.3,83.0
974,1066,1172,1541,1732,1923,1976,2041,25.3,83.0
927,1038,1160,1545,1743,1936,1998,2063,25.3,83.0
1046,1116,1200,1550,1739,1927,1967,2030,25.3,83.0
998,1268,1362,1756,1984,2280,2250,2297,25.3,83.0
969,1260,1360,1769,2003,2304,2272,2323,25.3,83.0
1046,1290,1372,1756,1983,2269,2241,2288,25.3,83.0
1064,1312,1386,1772,2004,2295,2263,2312,25.3,83.0
888,1114,1308,1647,1975,2084,2170,2244,25.3,83.0
1008,1194,1336,1662,1989,2098,2158,2238,25.3,83.0
932,1136,1318,1655,1978,2084,2172,2248,25.3,83.0
1002,1192,1342,1672,2001,2109,2182,2258,25.3,83.0
1090,1278,1388,1711,1814,2035,2088,2120,25.3,83.0
934,1194,1362,1737,1827,2075,2128,2173,25.3,83.0
1048,1254,1388,1727,1819,2047,2105,2140,25.3,83.0
990,1234,1382,1749,1842,2084,2141,2188,25.3,83.0
912,1164,1210,1732,1894,1996,1872,2147,25.3,83.0
772,1098,1172,1771,1933,2039,1886,2203,25.3,83.0
880,1150,1202,1749,1907,2006,1877,2166,25.3,83.0
778,1108,1176,1789,1948,2057,1901,2223,25.3,83.0
1394,1580,1628,1942,2025,2033,2194,2229,25.3,83.0
794,1216,1424,1886,1976,1979,2226,2305,25.3,83.0
1386,1570,1618,1946,2027,2035,2184,2231,25.3,83.0
864,1266,1456,1903,1990,1994,2258,2337,25.3,83.0
1904,2040,2096,2375,2439,2603,2496,2597,25.3,83.0
1742,1920,2032,2353,2400,2578,2450,2572,25.3,83.0
2062,2142,2166,2416,2416,2561,2454,2541,25.3,83.0
1764,1924,2046,2361,2404,2580,2468,2585,25.3,83.0
1720,1780,1838,2119,2208,2306,2196,2236,25.3,83.0
1450,1616,1742,2099,2257,2378,2246,2312,25.3,83.0
1760,1810,1852,2126,2252,2344,2242,2280,25.3,83.0
1496,1644,1764,2111,2270,2391,2270,2330,25.3,83.0
905,1196,1438,1808,1937,2089,2008,2223,25.3,83.0
1450,1578,1638,1919,2003,2095,2046,2176,25.3,83.0
1646,1682,1696,1917,1997,2088,2032,2130,25.3,83.0
1562,1652,1686,1934,2018,2110,2060,2182,25.3,83.0
1320,1454,1510,1850,1921,1935,1964,2073,25.3,83.0
866,1156,1326,1806,1892,1912,1950,2119,25.3,83.0
1316,1450,1506,1855,1927,1938,1964,2080,25.3,83.0
906,1188,1352,1835,1921,1938,1976,2143,25.3,83.0
1088,1224,1360,1557,1742,1933,1948,1930,25.3,83.0
1011,1180,1342,1561,1759,1959,1964,1952,25.3,83.0
1178,1278,1388,1565,1743,1920,1936,1915,25.3,83.0
1068,1218,1366,1577,1772,1965,1980,1964,25.3,83.0
936,1140,1170,1528,1619,1717,1786,1778,25.3,83.0
780,1056,1114,1521,1616,1721,1792,1790,25.3,83.0
1046,1202,1208,1534,1630,1716,1780,1769,25.3,83.0
800,1086,1148,1555,1652,1760,1858,1829,25.3,83.0
1490,1476,1582,1841,1892,1944,1994,2017,25.3,83.0
1462,1550,1576,1776,1927,1890,1876,1944,25.3,83.0
1450,1572,1588,1782,1935,1893,1886,1951,25.3,83.0
1472,1558,1582,1788,1939,1898,1886,1950,25.3,83.0
1462,1606,1634,1847,2010,1967,1970,2036,25.3,83.0
746,766,758,1102,1879,2134,2238,2259,22.5,88.3
514,636,676,1052,1828,2098,1534,2292,22.5,88.3
693,898,710,1188,2452,2759,3440,2933,22.5,88.3
844,908,726,1194,2283,2618,3227,2771,22.5,88.3
451,648,438,1129,2336,2740,3773,2790,22.5,88.3
670,826,728,1210,2263,2523,2598,2831,22.5,88.3
258,563,325,1138,2492,3098,3324,3409,22.5,88.3
381,532,487,1124,2229,2624,2910,2909,22.5,88.3
414,602,476,1217,2468,2864,2820,2912,22.5,88.3
185,474,392,1132,2530,2959,2940,3066,22.5,88.3
488,769,550,1206,2598,2857,3588,2992,22.5,88.3
254,472,505,1130,2077,2473,2032,2315,22.5,88.3
363,554,419,1028,1829,2617,2578,2556,22.5,88.3
546,658,538,900,1762,2139,2337,2305,22.5,88.3
610,802,572,1051,2156,2567,2948,2451,22.5,88.3
526,833,592,1100,2063,2436,3436,2603,22.5,88.3
4588,3804,3640,4216,4180,3981,4577,3852,22.5,88.3
653,836,702,1046,1850,1974,2419,2246,22.5,88.3
520,636,603,928,1720,1876,2199,1926,22.5,88.3
751,822,841,1094,1785,1820,2105,1968,22.5,88.3
679,804,766,1002,1680,1881,2415,2253,22.5,88.3
1374,1354,1274,1502,1834,1936,2044,1991,22.5,88.3
434,615,562,925,1851,2080,2390,1970,22.5,88.3
807,876,782,1092,1836,2024,2204,1942,22.5,88.3
844,990,901,1251,1739,1926,2144,1962,22.5,88.3
2100,2180,2366,2379,2532,2652,2812,2746,22.5,88.3
636,706,664,1002,1667,1688,2056,2038,22.5,88.3
1636,1620,1490,1720,2005,2108,2120,2075,22.5,88.3
367,527,454,855,1531,1715,2173,1934,22.5,88.3
844,993,937,1244,1823,2246,2318,2264,22.5,88.3
748,861,666,1106,1573,1952,2244,1920,22.5,88.3
297,515,452,1074,1691,2045,2522,2188,22.5,88.3
486,642,662,1239,1794,2057,2178,2239,22.5,88.3
563,684,698,1160,1837,2207,2098,2280,22.5,88.3
422,616,621,1149,2033,2168,2226,2266,22.5,88.3
345,543,510,1081,1861,2350,2482,2648,22.5,88.3
221,488,388,1123,2226,2439,2419,2625,22.5,88.3
441,634,531,1156,1879,2485,2329,2513,22.5,88.3
450,559,457,1162,2109,2789,2166,2873,22.5,88.3
790,925,796,1339,2423,3138,2709,2885,22.5,88.3
302,592,473,1097,2576,2622,3002,2913,22.5,88.3
683,840,676,1182,2430,2529,2798,2752,22.5,88.3
1688,1528,1338,1571,1939,2124,2281,2244,22.5,88.3
242,500,374,906,1679,2257,2606,2539,22.5,88.3
760,818,669,1111,1898,2245,2386,2672,22.5,88.3
658,794,693,1052,1839,2176,2255,2154,22.5,88.3
297,552,522,1013,1900,2041,2427,2239,22.5,88.3
1019,1050,897,1175,1905,2041,2220,2263,22.5,88.3
1308,1342,1222,1438,1859,2185,2121,2157,22.5,88.3
908,980,867,1157,2011,2157,2374,2210,22.5,88.3
850,896,788,1106,1703,2010,2222,2079,22.5,88.3
742,916,795,1151,1859,2028,2370,2319,22.5,88.3
662,805,694,1030,1764,2131,2374,2024,22.5,88.3
772,818,748,1092,1896,2241,2246,2323,22.5,88.3
381,318,162,195,173,178,129,165,9.9,76.2
314,267,124,154,136,144,103,141,9.9,76.2
464,341,168,156,130,140,104,118,9.9,76.2
383,279,118,107,87,102,67,86,9.9,76.2
771,690,364,349,259,261,203,212,9.9,76.2
635,583,276,268,182,194,137,154,9.9,76.2
397,413,241,239,219,191,136,166,9.9,76.2
577,547,352,322,295,266,221,240,9.9,76.2
692,731,379,321,181,204,156,151,9.9,76.2
626,690,340,287,150,177,125,125,9.9,76.2
649,667,363,321,250,250,213,209,9.9,76.2
583,516,283,266,215,201,185,179,9.9,76.2
480,441,221,205,156,147,139,137,9.9,76.2
554,518,364,346,301,291,236,258,9.9,76.2
792,958,643,581,404,423,400,415,9.9,76.2
868,998,689,618,449,464,439,449,9.9,76.2
741,735,410,373,271,263,220,219,9.9,76.2
722,724,401,365,263,256,214,213,9.9,76.2
262,271,130,248,198,177,88,106,9.9,76.2
332,326,178,224,179,162,123,136,9.9,76.2
688,613,350,334,274,276,234,223,9.9,76.2
698,623,361,331,276,281,242,230,9.9,76.2
496,582,355,323,309,320,230,319,9.9,76.2
612,656,424,393,371,376,289,363,9.9,76.2
772,717,506,464,415,385,330,337,9.9,76.2
1238,988,761,751,600,563,451,482,9.9,76.2
484,524,398,445,407,398,326,361,9.9,76.2
631,626,484,525,481,468,386,417,9.9,76.2
662,567,388,447,330,317,257,258,9.9,76.2
494,451,231,235,195,193,126,142,9.9,76.2
626,552,320,299,258,253,193,202,9.9,76.2
686,558,396,394,354,309,277,274,9.9,76.2
665,544,386,377,342,300,269,267,9.9,76.2
614,546,370,360,319,305,258,267,9.9,76.2
568,514,345,325,289,279,240,251,9.9,76.2
791,780,756,961,939,895,1068,1074,9.9,76.2
990,954,888,1030,1005,971,1086,1093,9.9,76.2
592,551,339,355,287,290,228,234,9.9,76.2
620,573,358,357,292,297,243,248,9.9,76.2
1120,1005,886,1440,1169,1213,1002,1202,9.9,76.2
614,751,594,932,799,838,842,857,9.9,76.2
892,986,934,1051,1047,1028,1056,1018,9.9,76.2
1072,1034,786,761,676,642,802,596,9.9,76.2
543,650,362,340,233,211,196,198,9.9,76.2
534,646,358,333,228,207,192,195,9.9,76.2
0,190,87,165,80,93,0,62,9.9,76.2
433,527,346,356,268,261,167,231,9.9,76.2
798,700,471,487,420,415,301,309,9.9,76.2
117,237,85,142,69,73,0,0,9.9,76.2
399,440,249,246,174,171,100,104,9.9,76.2
740,606,400,391,314,336,292,279,9.9,76.2
472,415,298,419,321,344,213,249,9.9,76.2
784,668,504,506,393,400,335,344,9.9,76.2
730,850,804,895,825,800,509,759,9.9,76.2
531,488,358,388,319,328,224,264,9.9,76.2
211,266,89,84,65,71,22,25,9.9,76.2
324,347,161,135,113,116,79,77,9.9,76.2
503,386,232,211,153,143,116,130,9.9,76.2
386,287,157,123,57,51,34,54,9.9,76.2
7040,6644,6372,7003,6303,5838,6592,5660,9.9,76.2
442,314,167,153,117,117,101,90,9.9,76.2
323,271,83,89,45,85,31,55,9.9,76.2
475,396,190,182,135,163,109,124,9.9,76.2
806,738,427,398,320,311,273,247,9.9,76.2
722,679,374,350,273,267,233,208,9.9,76.2
207,226,61,63,26,29,0,13,9.9,76.2
382,360,176,151,111,108,74,91,9.9,76.2
628,490,280,293,252,251,197,204,9.9,76.2
562,439,239,259,223,226,169,178,9.9,76.2
332,380,122,97,11,45,36,26,9.9,76.2
586,567,291,247,165,181,166,147,9.9,76.2
408,456,211,143,96,69,105,122,9.9,76.2
622,537,314,270,226,237,182,190,9.9,76.2
689,612,322,295,234,228,176,179,9.9,76.2
628,565,284,251,194,194,148,153,9.9,76.2
604,648,411,349,261,270,208,221,9.9,76.2
684,508,306,291,252,248,218,191,9.9,76.2
692,517,316,292,256,254,226,201,9.9,76.2
853,752,488,468,394,372,327,326,9.9,76.2
812,723,462,435,364,346,308,310,9.9,76.2
598,781,526,521,428,456,438,434,9.9,76.2
804,910,644,616,525,541,516,509,9.9,76.2
814,631,424,400,362,346,317,304,9.9,76.2
789,610,408,383,347,333,306,293,9.9,76.2
501,556,341,381,289,350,302,319,9.9,76.2
778,762,521,528,442,482,425,435,9.9,76.2
800,747,438,393,316,300,270,266,9.9,76.2
803,852,684,717,659,692,594,720,9.9,76.2
874,902,723,751,701,730,620,730,9.9,76.2
697,530,360,343,305,295,270,249,9.9,76.2
682,519,352,328,293,285,264,243,9.9,76.2
910,932,855,834,732,740,656,766,9.9,76.2
470,383,223,217,181,181,154,150,9.9,76.2
453,369,209,196,165,169,148,143,9.9,76.2
966,1058,910,983,912,920,896,965,9.9,76.2
581,465,310,299,273,263,227,219,9.9,76.2
544,437,288,270,249,243,211,205,9.9,76.2
382,347,209,305,231,257,169,196,9.9,76.2
741,637,454,479,410,421,346,358,9.9,76.2
388,604,648,871,858,883,903,845,9.9,76.2
844,932,879,953,930,949,988,951,9.9,76.2
1142,1274,1196,1324,1249,1275,1282,1336,9.9,76.2
1516,1668,1620,1627,1423,1516,1420,1469,9.9,76.2
1490,1648,1606,1600,1395,1498,1402,1453,9.9,76.2
619,697,422,421,320,307,236,263,9.9,76.2
1084,1240,1266,1421,1354,1347,1310,1439,9.9,76.2
613,515,313,300,245,250,202,213,9.9,76.2
1360,1362,1344,1427,1359,1385,1428,1411,9.9,76.2
1406,1408,1360,1429,1361,1387,1416,1402,9.9,76.2
512,483,321,319,287,268,235,237,9.9,76.2
581,532,360,346,315,296,266,265,9.9,76.2
1144,1344,1322,1344,1237,1241,1434,1331,9.9,76.2
640,497,340,337,296,293,239,258,9.9,76.2
621,484,330,323,283,282,232,251,9.9,76.2
959,1026,948,1068,977,1056,1078,1032,9.9,76.2
388,350,206,191,164,163,115,141,9.9,76.2
653,561,328,384,353,495,404,519,9.9,76.2
1074,1178,946,942,796,724,888,667,9.9,76.2
1236,1406,1380,1068,1026,779,972,847,9.9,76.2
606,518,403,455,431,443,281,415,9.9,76.2
457,398,313,392,376,394,213,364,9.9,76.2
496,460,288,278,226,211,169,159,9.9,76.2
472,443,274,267,217,203,160,150,9.9,76.2
246,238,81,158,140,153,20,61,9.9,76.2
570,492,292,305,276,276,177,199,9.9,76.2
202,168,30,24,14,13,4,21,9.9,76.2
296,242,92,89,73,68,51,63,9.9,76.2
556,412,245,257,214,218,168,178,9.9,76.2
530,396,233,238,199,207,161,171,9.9,76.2
568,483,348,316,232,213,264,185,9.9,76.2
674,572,359,343,284,282,237,227,9.9,76.2
523,457,265,255,204,212,166,162,9.9,76.2
411,387,207,157,143,152,150,160,9.9,76.2
386,369,196,173,158,166,144,153,9.9,76.2
1070,1226,1184,1544,2126,2468,2482,2535,19.1,72.9
1666,1732,1664,1900,2236,2372,2444,2396,19.1,72.9
1005,1168,1198,1552,2059,2330,2420,2407,19.1,72.9
1306,1384,1392,1517,1826,1953,2126,2102,19.1,72.9
670,934,1124,1397,1914,2082,2266,2267,19.1,72.9
639,832,956,1193,1607,1827,2078,1927,19.1,72.9
684,942,1080,1283,1646,1753,1800,1901,19.1,72.9
790,927,1064,1292,1554,1681,1802,1824,19.1,72.9
722,906,1021,1190,1449,1510,1600,1743,19.1,72.9
659,833,1038,1204,1468,1628,1716,1772,19.1,72.9
988,1138,1280,1471,1690,1801,1836,1918,19.1,72.9
586,752,966,1188,1406,1534,1596,1771,19.1,72.9
306,576,819,996,1208,1414,1534,1578,19.1,72.9
1004,1162,1306,1547,1672,1793,1818,1905,19.1,72.9
428,750,1104,1405,1556,1737,1810,1935,19.1,72.9
638,841,1130,1301,1464,1625,1648,1733,19.1,72.9
1078,1208,1330,1503,1666,1750,1704,1859,19.1,72.9
576,856,1088,1302,1577,1714,1698,1787,19.1,72.9
547,782,1074,1204,1385,1538,1570,1674,19.1,72.9
497,585,652,781,883,974,894,1012,19.1,72.9
579,797,783,1145,2015,2335,2574,2650,19.1,72.9
680,872,836,1260,2244,2557,3008,2828,19.1,72.9
720,934,1040,1388,2098,2441,2824,2750,19.1,72.9
896,1074,1192,1565,2280,2667,2890,2894,19.1,72.9
697,969,1174,1358,1958,2295,2588,2525,19.1,72.9
892,1080,1218,1455,2170,2506,2896,2749,19.1,72.9
866,1100,1238,1468,2005,2272,2488,2515,19.1,72.9
824,1032,1188,1431,1990,2309,2604,2443,19.1,72.9
838,997,1032,1229,1436,1568,1628,1749,19.1,72.9
543,733,860,1099,1402,1649,1708,1826,19.1,72.9
1200,1304,1372,1496,1589,1715,1726,1800,19.1,72.9
435,632,796,1008,1327,1440,1586,1554,19.1,72.9
458,706,930,1075,1273,1446,1660,1594,19.1,72.9
1984,1970,2014,2173,2297,2421,2332,2422,19.1,72.9
592,798,1006,1081,1338,1535,1718,1586,19.1,72.9
1058,1174,1238,1398,1610,1846,1942,1847,19.1,72.9
773,948,1124,1199,1460,1517,1684,1707,19.1,72.9
855,1058,1286,1391,1626,1770,1860,1918,19.1,72.9
1064,1196,1330,1478,1645,1784,1812,1816,19.1,72.9
550,762,992,1022,1154,1302,1584,1393,19.1,72.9
581,790,956,1043,1271,1396,1588,1488,19.1,72.9
612,840,1076,1161,1324,1402,1650,1565,19.1,72.9
546,725,943,1062,1267,1372,1578,1585,19.1,72.9
156,512,903,1019,1207,1353,1550,1592,19.1,72.9
636,791,1001,1165,1438,1596,1686,1745,19.1,72.9
1300,1318,1356,1551,1736,1818,1824,1906,19.1,72.9
1308,1362,1466,1716,1842,1964,1902,1976,19.1,72.9
737,896,1108,1362,1655,1840,1968,1998,19.1,72.9
548,816,1074,1152,1368,1521,1598,1648,19.1,72.9
594,861,1070,1271,1461,1629,1644,1792,19.1,72.9
634,843,1046,1285,1535,1727,1814,1875,19.1,72.9
620,848,1176,1365,1539,1671,1700,1838,19.1,72.9
484,813,1068,1329,1489,1614,1620,1770,19.1,72.9
1070,1222,972,1534,3036,3684,3764,3943,19.1,72.9
587,852,650,1141,2289,2675,2802,2891,19.1,72.9
750,932,814,1251,2350,2779,2932,3003,19.1,72.9
692,874,889,1281,2064,2421,2634,2653,19.1,72.9
766,1014,965,1319,2163,2563,2834,2698,19.1,72.9
622,879,880,1329,2038,2364,2654,2611,19.1,72.9
821,996,1086,1464,2133,2525,2710,2819,19.1,72.9
662,966,1182,1470,2078,2372,2696,2515,19.1,72.9
454,866,1172,1420,2029,2304,2698,2469,19.1,72.9
901,1122,1290,1562,2152,2464,2690,2721,19.1,72.9
5036,4952,5024,5485,5433,5463,4764,5456,19.1,72.9
738,952,1034,1351,1908,2223,2542,2456,19.1,72.9
517,825,963,1322,1914,2228,2644,2407,19.1,72.9
598,775,990,1198,1578,1736,2084,1912,19.1,72.9
89,277,87,501,1937,2581,2512,2749,11.0,79.8
133,187,65,283,802,1148,1023,1168,11.0,79.8
321,623,372,1079,2647,3273,3326,3491,11.0,79.8
453,852,1024,1650,2333,2626,2702,2942,11.0,79.8
746,1016,1360,1776,1920,2137,2264,2409,11.0,79.8
775,1062,1354,1767,2175,2466,2642,2851,11.0,79.8
988,1256,1428,1883,2450,2804,2864,3146,11.0,79.8
903,1284,1532,2008,2518,2784,3010,3209,11.0,79.8
752,1096,1524,1722,1725,1926,2000,2166,11.0,79.8
493,686,1034,969,1021,984,1226,1329,11.0,79.8
371,670,996,1220,1130,1389,1350,1518,11.0,79.8
702,996,1128,1409,1576,1865,1866,1871,11.0,79.8
930,1234,1486,1653,1666,1782,2008,2153,11.0,79.8
735,974,1234,1375,1412,1664,1732,1816,11.0,79.8
478,819,858,1240,1527,1673,1686,1882,11.0,79.8
390,660,653,1187,1368,1606,1640,1727,11.0,79.8
436,688,552,1139,2152,2493,2444,2622,11.0,79.8
438,686,546,1246,2662,3072,3132,3324,11.0,79.8
13328,12288,11576,12319,11176,10685,11472,10355,11.0,79.8
613,944,798,1397,2893,3257,3352,3581,11.0,79.8
4244,4132,3928,4212,4421,4396,4332,4480,11.0,79.8
3260,3360,3764,4052,4433,4687,3532,4930,11.0,79.8
1940,1932,1870,2857,3674,4028,3608,4454,11.0,79.8
442,736,818,1388,2147,2506,2564,3003,11.0,79.8
561,880,868,1426,2364,2798,2854,3158,11.0,79.8
588,933,1004,1612,2460,2831,2984,3362,11.0,79.8
481,789,796,1306,2225,2489,2570,2923,11.0,79.8
402,751,758,1236,2062,2412,2654,2729,11.0,79.8
472,860,984,1532,2245,2657,2770,3069,11.0,79.8
651,880,1028,1517,2102,2431,2564,2793,11.0,79.8
436,821,1136,1642,2171,2479,2698,3043,11.0,79.8
